Business_Name,Contact_Email,Product_Focus,AI_Pitch_Sample,Status,Generated_Email
Local Bakery,bakery@example.com,Seasonal Bread,"The ultimate sourdough starter guide. This pitch highlights our AI's ability to create deep, authoritative content that positions your bakery as a local leader.",Processed,"Hi [Bakery Owner Name/Manager Name],

I've been following [Bakery Name]'s journey, and I'm particularly impressed by your commitment to incorporating local, seasonal ingredients into your exceptional bread offerings. It's clear that quality and craft are at the heart of everything you do, and that resonates deeply with your community.

Given your focus on delivering artisanal, high-quality bread, I immediately thought of how you could further cement your reputation as *the* local authority on baking. We specialize in using advanced AI to generate incredibly deep, authoritative content, and we've developed an ""Ultimate Sourdough Starter Guide"" that I believe would be a perfect fit for [Bakery Name].

Imagine offering your customers a comprehensive, beautifully structured guide – entirely reflective of your bakery's expert voice – that not only demystifies sourdough for home bakers but also positions [Bakery Name] as the undisputed leader in artisanal bread education. This isn't just a simple recipe; it's a meticulously crafted resource designed to educate, engage, and inspire, perfectly complementing your seasonal bread focus by highlighting the foundational craft.

This type of authoritative content goes beyond marketing; it builds genuine trust and establishes your bakery as the go-to source for authentic bread knowledge, attracting a loyal following eager to learn from and buy from the best.

Would you be open to a brief 15-minute call next week to explore how this guide, tailored specifically to [Bakery Name], could significantly elevate your brand and connect more deeply with your customers?

Best regards,

RuralJoe"
